index,content_id,legacy_id,arabic,diacritized,audio_asset_id,audio_basename,audio_filename,category
1,word.qitt,animals-1,قط,قِطّ,audio.word.qitt,qitt,qitt.mp3,animals
2,word.kalb,animals-2,كلب,كَلْب,audio.word.kalb,kalb,kalb.mp3,animals
3,word.asad,animals-3,أسد,أَسَد,audio.word.asad,asad,asad.mp3,animals
4,word.fil,animals-4,فيل,فِيل,audio.word.fil,fil,fil.mp3,animals
5,word.hisan,animals-5,حصان,حِصَان,audio.word.hisan,hisan,hisan.mp3,animals
6,word.baqara,animals-6,بقرة,بَقَرَة,audio.word.baqara,baqara,baqara.mp3,animals
7,word.kharuf,animals-7,خروف,خَرُوف,audio.word.kharuf,kharuf,kharuf.mp3,animals
8,word.maaiz,animals-8,ماعز,مَاعِز,audio.word.maaiz,maaiz,maaiz.mp3,animals
9,word.jamal,animals-9,جمل,جَمَل,audio.word.jamal,jamal,jamal.mp3,animals
10,word.arnab,animals-10,أرنب,أَرْنَب,audio.word.arnab,arnab,arnab.mp3,animals
11,word.far,animals-11,فأر,فَأْر,audio.word.far,far,far.mp3,animals
12,word.dubb,animals-12,دب,دُبّ,audio.word.dubb,dubb,dubb.mp3,animals
13,word.dhiyb,animals-13,ذئب,ذِئْب,audio.word.dhiyb,dhiyb,dhiyb.mp3,animals
14,word.thalab,animals-14,ثعلب,ثَعْلَب,audio.word.thalab,thalab,thalab.mp3,animals
15,word.namir,animals-15,نمر,نَمِر,audio.word.namir,namir,namir.mp3,animals
16,word.fahd,animals-16,فهد,فَهْد,audio.word.fahd,fahd,fahd.mp3,animals
17,word.qird,animals-17,قرد,قِرْد,audio.word.qird,qird,qird.mp3,animals
18,word.ghurilaa,animals-18,غوريلا,غُورِيلَا,audio.word.ghurilaa,ghurilaa,ghurilaa.mp3,animals
19,word.zaraafa,animals-19,زرافة,زَرَافَة,audio.word.zaraafa,zaraafa,zaraafa.mp3,animals
20,word.himaar_wahshi,animals-20,حمار وحشي,حِمَار وَحْشِيّ,audio.word.himaar_wahshi,himaar_wahshi,himaar_wahshi.mp3,animals
21,word.wahidu_alqarn,animals-21,وحيد القرن,وَحِيدُ القَرْن,audio.word.wahidu_alqarn,wahidu_alqarn,wahidu_alqarn.mp3,animals
22,word.farasu_alnnahr,animals-22,فرس النهر,فَرَسُ النَّهْر,audio.word.farasu_alnnahr,farasu_alnnahr,farasu_alnnahr.mp3,animals
23,word.ghazaal,animals-23,غزال,غَزَال,audio.word.ghazaal,ghazaal,ghazaal.mp3,animals
24,word.khinzir,animals-24,خنزير,خِنْزِير,audio.word.khinzir,khinzir,khinzir.mp3,animals
25,word.afa,animals-25,أفعى,أَفْعَى,audio.word.afa,afa,afa.mp3,animals
26,word.thubaan,animals-26,ثعبان,ثُعْبَان,audio.word.thubaan,thubaan,thubaan.mp3,animals
27,word.sulahfaa,animals-27,سلحفاة,سُلَحْفَاة,audio.word.sulahfaa,sulahfaa,sulahfaa.mp3,animals
28,word.timsaah,animals-28,تمساح,تِمْسَاح,audio.word.timsaah,timsaah,timsaah.mp3,animals
29,word.difda,animals-29,ضفدع,ضِفْدَع,audio.word.difda,difda,difda.mp3,animals
30,word.sahliya,animals-30,سحلية,سَحْلِيَة,audio.word.sahliya,sahliya,sahliya.mp3,animals
31,word.sinjaab,animals-31,سنجاب,سِنْجَاب,audio.word.sinjaab,sinjaab,sinjaab.mp3,animals
32,word.qunfudh,animals-32,قنفذ,قُنْفُذ,audio.word.qunfudh,qunfudh,qunfudh.mp3,animals
33,word.qundus,animals-33,قندس,قُنْدُس,audio.word.qundus,qundus,qundus.mp3,animals
34,word.khuffaash,animals-34,خفاش,خُفَّاش,audio.word.khuffaash,khuffaash,khuffaash.mp3,animals
35,word.kanghar,animals-35,كنغر,كَنْغَر,audio.word.kanghar,kanghar,kanghar.mp3,animals
36,word.kuwaalaa,animals-36,كوالا,كُوَالَا,audio.word.kuwaalaa,kuwaalaa,kuwaalaa.mp3,animals
37,word.bandaa,animals-37,بندا,بَنْدَا,audio.word.bandaa,bandaa,bandaa.mp3,animals
38,word.laamaa,animals-38,لاما,لَامَا,audio.word.laamaa,laamaa,laamaa.mp3,animals
39,word.himaar,animals-39,حمار,حِمَار,audio.word.himaar,himaar,himaar.mp3,animals
40,word.thawr,animals-40,ثور,ثَوْر,audio.word.thawr,thawr,thawr.mp3,animals
41,word.ijl,animals-41,عجل,عِجْل,audio.word.ijl,ijl,ijl.mp3,animals
42,word.jarw,animals-42,جرو,جَرْو,audio.word.jarw,jarw,jarw.mp3,animals
43,word.hirra,animals-43,هرة,هِرَّة,audio.word.hirra,hirra,hirra.mp3,animals
44,word.wal,animals-44,وعل,وَعْل,audio.word.wal,wal,wal.mp3,animals
45,word.zaby,animals-45,ظبي,ظَبْي,audio.word.zaby,zaby,zaby.mp3,animals
46,word.jaamus,animals-46,جاموس,جَامُوس,audio.word.jaamus,jaamus,jaamus.mp3,animals
47,word.baghl,animals-47,بغل,بَغْل,audio.word.baghl,baghl,baghl.mp3,animals
48,word.muhr,animals-48,مهر,مُهْر,audio.word.muhr,muhr,muhr.mp3,animals
49,word.hamal,animals-49,حمل,حَمَل,audio.word.hamal,hamal,hamal.mp3,animals
50,word.jady,animals-50,جدي,جَدْي,audio.word.jady,jady,jady.mp3,animals
51,word.kabsh,animals-51,كبش,كَبْش,audio.word.kabsh,kabsh,kabsh.mp3,animals
52,word.shibl,animals-52,شبل,شِبْل,audio.word.shibl,shibl,shibl.mp3,animals
53,word.dabu,animals-53,ضبع,ضَبُع,audio.word.dabu,dabu,dabu.mp3,animals
54,word.waral,animals-54,ورل,وَرَل,audio.word.waral,waral,waral.mp3,animals
55,word.yarbu,animals-55,يربوع,يَرْبُوع,audio.word.yarbu,yarbu,yarbu.mp3,animals
56,word.dubbu_qutbi,animals-56,دب قطبي,دُبٌّ قُطْبِيّ,audio.word.dubbu_qutbi,dubbu_qutbi,dubbu_qutbi.mp3,animals
57,word.uraangh,animals-57,أورانغ,أُورَانْغ,audio.word.uraangh,uraangh,uraangh.mp3,animals
58,word.zarif,animals-58,ظريف,ظَرِيف,audio.word.zarif,zarif,zarif.mp3,animals
59,word.haamstar,animals-59,هامستر,هَامْسْتَر,audio.word.haamstar,haamstar,haamstar.mp3,animals
60,word.baqar,animals-60,بقر,بَقَر,audio.word.baqar,baqar,baqar.mp3,animals
61,word.khubz,food-1,خبز,خُبْز,audio.word.khubz,khubz,khubz.mp3,food
62,word.aruzz,food-2,أرز,أَرُزّ,audio.word.aruzz,aruzz,aruzz.mp3,food
63,word.halib,food-3,حليب,حَلِيب,audio.word.halib,halib,halib.mp3,food
64,word.jubn,food-4,جبن,جُبْن,audio.word.jubn,jubn,jubn.mp3,food
65,word.zubda,food-5,زبدة,زُبْدَة,audio.word.zubda,zubda,zubda.mp3,food
66,word.bayd,food-6,بيض,بَيْض,audio.word.bayd,bayd,bayd.mp3,food
67,word.lahm,food-7,لحم,لَحْم,audio.word.lahm,lahm,lahm.mp3,food
68,word.dajaj,food-8,دجاج,دَجَاج,audio.word.dajaj,dajaj,dajaj.mp3,food
69,word.samak,food-9,سمك,سَمَك,audio.word.samak,samak,samak.mp3,food
70,word.salata,food-10,سلطة,سَلَطَة,audio.word.salata,salata,salata.mp3,food
71,word.shurba,food-11,شوربة,شُورْبَة,audio.word.shurba,shurba,shurba.mp3,food
72,word.makaruna,food-12,معكرونة,مَعْكَرُونَة,audio.word.makaruna,makaruna,makaruna.mp3,food
73,word.bitzaa,food-13,بيتزا,بِيتْزَا,audio.word.bitzaa,bitzaa,bitzaa.mp3,food
74,word.sandawish,food-14,سندويش,سَنْدَوِيش,audio.word.sandawish,sandawish,sandawish.mp3,food
75,word.fatira,food-15,فطيرة,فَطِيرَة,audio.word.fatira,fatira,fatira.mp3,food
76,word.kaka,food-16,كعكة,كَعْكَة,audio.word.kaka,kaka,kaka.mp3,food
77,word.biskuwit,food-17,بسكويت,بِسْكُوِيت,audio.word.biskuwit,biskuwit,biskuwit.mp3,food
78,word.shukulaata,food-18,شوكولاتة,شُوكُولَاتَة,audio.word.shukulaata,shukulaata,shukulaata.mp3,food
79,word.asal,food-19,عسل,عَسَل,audio.word.asal,asal,asal.mp3,food
80,word.murabba,food-20,مربى,مُرَبَّى,audio.word.murabba,murabba,murabba.mp3,food
81,word.sukkar,food-21,سكر,سُكَّر,audio.word.sukkar,sukkar,sukkar.mp3,food
82,word.milh,food-22,ملح,مِلْح,audio.word.milh,milh,milh.mp3,food
83,word.zayt,food-23,زيت,زَيْت,audio.word.zayt,zayt,zayt.mp3,food
84,word.daqiq,food-24,دقيق,دَقِيق,audio.word.daqiq,daqiq,daqiq.mp3,food
85,word.hasaa,food-25,حساء,حَسَاء,audio.word.hasaa,hasaa,hasaa.mp3,food
86,word.ful,food-26,فول,فُول,audio.word.ful,ful,ful.mp3,food
87,word.adas,food-27,عدس,عَدَس,audio.word.adas,adas,adas.mp3,food
88,word.hummus,food-28,حمص,حُمُّص,audio.word.hummus,hummus,hummus.mp3,food
89,word.falaafil,food-29,فلافل,فَلَافِل,audio.word.falaafil,falaafil,falaafil.mp3,food
90,word.shaawarmaa,food-30,شاورما,شَاوَرْمَا,audio.word.shaawarmaa,shaawarmaa,shaawarmaa.mp3,food
91,word.kuskus,food-31,كسكس,كُسْكُس,audio.word.kuskus,kuskus,kuskus.mp3,food
92,word.mansaf,food-32,منسف,مَنْسَف,audio.word.mansaf,mansaf,mansaf.mp3,food
93,word.maqluba,food-33,مقلوبة,مَقْلُوبَة,audio.word.maqluba,maqluba,maqluba.mp3,food
94,word.kubba,food-34,كبة,كُبَّة,audio.word.kubba,kubba,kubba.mp3,food
95,word.sambusak,food-35,سمبوسك,سَمْبُوسَك,audio.word.sambusak,sambusak,sambusak.mp3,food
96,word.mashwi,food-36,مشوي,مَشْوِيّ,audio.word.mashwi,mashwi,mashwi.mp3,food
97,word.burghur,food-37,برغر,بُرْغُر,audio.word.burghur,burghur,burghur.mp3,food
98,word.bataataa_maqliyya,food-38,بطاطا مقلية,بَطَاطَا مَقْلِيَّة,audio.word.bataataa_maqliyya,bataataa_maqliyya,bataataa_maqliyya.mp3,food
99,word.dhura,food-39,ذرة,ذُرَة,audio.word.dhura,dhura,dhura.mp3,food
100,word.fushaar,food-40,فشار,فُشَار,audio.word.fushaar,fushaar,fushaar.mp3,food
101,word.mithallajaat,food-41,مثلجات,مِثَلَّجَات,audio.word.mithallajaat,mithallajaat,mithallajaat.mp3,food
102,word.halwa,food-42,حلوى,حَلْوَى,audio.word.halwa,halwa,halwa.mp3,food
103,word.massaasa,food-43,مصاصة,مَصَّاصَة,audio.word.massaasa,massaasa,massaasa.mp3,food
104,word.dunat,food-44,دونت,دُونَتْ,audio.word.dunat,dunat,dunat.mp3,food
105,word.kruwaasaan,food-45,كرواسان,كْرُوَاسَان,audio.word.kruwaasaan,kruwaasaan,kruwaasaan.mp3,food
106,word.khubzu_muhammas,food-46,خبز محمص,خُبْزٌ مُحَمَّص,audio.word.khubzu_muhammas,khubzu_muhammas,khubzu_muhammas.mp3,food
107,word.asir,food-47,عصير,عَصِير,audio.word.asir,asir,asir.mp3,food
108,word.maa,food-48,ماء,مَاء,audio.word.maa,maa,maa.mp3,food
109,word.shay,food-49,شاي,شَاي,audio.word.shay,shay,shay.mp3,food
110,word.qahwa,food-50,قهوة,قَهْوَة,audio.word.qahwa,qahwa,qahwa.mp3,food
111,word.laban,food-51,لبن,لَبَن,audio.word.laban,laban,laban.mp3,food
112,word.zabaadi,food-52,زبادي,زَبَادِي,audio.word.zabaadi,zabaadi,zabaadi.mp3,food
113,word.qishta,food-53,قشطة,قِشْطَة,audio.word.qishta,qishta,qishta.mp3,food
114,word.tamr,food-54,تمر,تَمْر,audio.word.tamr,tamr,tamr.mp3,food
115,word.mukassaraat,food-55,مكسرات,مُكَسَّرَات,audio.word.mukassaraat,mukassaraat,mukassaraat.mp3,food
116,word.lawz,food-56,لوز,لَوْز,audio.word.lawz,lawz,lawz.mp3,food
117,word.jawz,food-57,جوز,جَوْز,audio.word.jawz,jawz,jawz.mp3,food
118,word.fustuq,food-58,فستق,فُسْتُق,audio.word.fustuq,fustuq,fustuq.mp3,food
119,word.zaytun,food-59,زيتون,زَيْتُون,audio.word.zaytun,zaytun,zaytun.mp3,food
120,word.tahina,food-60,طحينة,طَحِينَة,audio.word.tahina,tahina,tahina.mp3,food
121,word.tuffah,fruits-1,تفاح,تُفَّاح,audio.word.tuffah,tuffah,tuffah.mp3,fruits
122,word.mawz,fruits-2,موز,مَوْز,audio.word.mawz,mawz,mawz.mp3,fruits
123,word.burtuqaal,fruits-3,برتقال,بُرْتُقَال,audio.word.burtuqaal,burtuqaal,burtuqaal.mp3,fruits
124,word.inab,fruits-4,عنب,عِنَب,audio.word.inab,inab,inab.mp3,fruits
125,word.faraawila,fruits-5,فراولة,فَرَاوِلَة,audio.word.faraawila,faraawila,faraawila.mp3,fruits
126,word.bittikh,fruits-6,بطيخ,بِطِّيخ,audio.word.bittikh,bittikh,bittikh.mp3,fruits
127,word.shammaam,fruits-7,شمام,شَمَّام,audio.word.shammaam,shammaam,shammaam.mp3,fruits
128,word.anaanaas,fruits-8,أناناس,أَنَانَاس,audio.word.anaanaas,anaanaas,anaanaas.mp3,fruits
129,word.maanju,fruits-9,مانجو,مَانْجُو,audio.word.maanju,maanju,maanju.mp3,fruits
130,word.kiwi,fruits-10,كيوي,كِيوِي,audio.word.kiwi,kiwi,kiwi.mp3,fruits
131,word.khawkh,fruits-11,خوخ,خَوْخ,audio.word.khawkh,khawkh,khawkh.mp3,fruits
132,word.ijjaas,fruits-12,إجاص,إِجَّاص,audio.word.ijjaas,ijjaas,ijjaas.mp3,fruits
133,word.karaz,fruits-13,كرز,كَرَز,audio.word.karaz,karaz,karaz.mp3,fruits
134,word.laymun,fruits-14,ليمون,لَيْمُون,audio.word.laymun,laymun,laymun.mp3,fruits
135,word.tin,fruits-15,تين,تِين,audio.word.tin,tin,tin.mp3,fruits
136,word.rummaan,fruits-16,رمان,رُمَّان,audio.word.rummaan,rummaan,rummaan.mp3,fruits
137,word.tamr,fruits-17,تمر,تَمْر,audio.word.tamr,tamr,tamr.mp3,fruits
138,word.mishmish,fruits-18,مشمش,مِشْمِش,audio.word.mishmish,mishmish,mishmish.mp3,fruits
139,word.barquq,fruits-19,برقوق,بَرْقُوق,audio.word.barquq,barquq,barquq.mp3,fruits
140,word.tut,fruits-20,توت,تُوت,audio.word.tut,tut,tut.mp3,fruits
141,word.jawaafa,fruits-21,جوافة,جَوَافَة,audio.word.jawaafa,jawaafa,jawaafa.mp3,fruits
142,word.afukaadu,fruits-22,أفوكادو,أَفُوكَادُو,audio.word.afukaadu,afukaadu,afukaadu.mp3,fruits
143,word.naarinj,fruits-23,نارنج,نَارِنْج,audio.word.naarinj,naarinj,naarinj.mp3,fruits
144,word.yusufi,fruits-24,يوسفي,يُوسُفِي,audio.word.yusufi,yusufi,yusufi.mp3,fruits
145,word.jawzu_alhind,fruits-25,جوز الهند,جَوْزُ الهِنْد,audio.word.jawzu_alhind,jawzu_alhind,jawzu_alhind.mp3,fruits
146,word.kaakaa,fruits-26,كاكا,كَاكَا,audio.word.kaakaa,kaakaa,kaakaa.mp3,fruits
147,word.safarjal,fruits-27,سفرجل,سَفَرْجَل,audio.word.safarjal,safarjal,safarjal.mp3,fruits
148,word.tuffaahu_akhdar,fruits-28,تفاح أخضر,تُفَّاحٌ أَخْضَر,audio.word.tuffaahu_akhdar,tuffaahu_akhdar,tuffaahu_akhdar.mp3,fruits
149,word.inabu_ahmar,fruits-29,عنب أحمر,عِنَبٌ أَحْمَر,audio.word.inabu_ahmar,inabu_ahmar,inabu_ahmar.mp3,fruits
150,word.tutu_alullayq,fruits-30,توت العليق,تُوتُ العُلَّيْق,audio.word.tutu_alullayq,tutu_alullayq,tutu_alullayq.mp3,fruits
151,word.karambulaa,fruits-31,كرمبولا,كَرَمْبُولَا,audio.word.karambulaa,karambulaa,karambulaa.mp3,fruits
152,word.baabaayaa,fruits-32,بابايا,بَابَايَا,audio.word.baabaayaa,baabaayaa,baabaayaa.mp3,fruits
153,word.litshi,fruits-33,ليتشي,لِيتْشِي,audio.word.litshi,litshi,litshi.mp3,fruits
154,word.tutu_alard,fruits-34,توت الأرض,تُوتُ الأَرْض,audio.word.tutu_alard,tutu_alard,tutu_alard.mp3,fruits
155,word.unnaab,fruits-35,عناب,عُنَّاب,audio.word.unnaab,unnaab,unnaab.mp3,fruits
156,word.tamaatim,vegetables-1,طماطم,طَمَاطِم,audio.word.tamaatim,tamaatim,tamaatim.mp3,vegetables
157,word.khiyaar,vegetables-2,خيار,خِيَار,audio.word.khiyaar,khiyaar,khiyaar.mp3,vegetables
158,word.jazar,vegetables-3,جزر,جَزَر,audio.word.jazar,jazar,jazar.mp3,vegetables
159,word.bataataa,vegetables-4,بطاطا,بَطَاطَا,audio.word.bataataa,bataataa,bataataa.mp3,vegetables
160,word.basal,vegetables-5,بصل,بَصَل,audio.word.basal,basal,basal.mp3,vegetables
161,word.thum,vegetables-6,ثوم,ثُوم,audio.word.thum,thum,thum.mp3,vegetables
162,word.fulful,vegetables-7,فلفل,فُلْفُل,audio.word.fulful,fulful,fulful.mp3,vegetables
163,word.baadhinjaan,vegetables-8,باذنجان,بَاذِنْجَان,audio.word.baadhinjaan,baadhinjaan,baadhinjaan.mp3,vegetables
164,word.kusaa,vegetables-9,كوسا,كُوسَا,audio.word.kusaa,kusaa,kusaa.mp3,vegetables
165,word.malfuf,vegetables-10,ملفوف,مَلْفُوف,audio.word.malfuf,malfuf,malfuf.mp3,vegetables
166,word.khass,vegetables-11,خس,خَسّ,audio.word.khass,khass,khass.mp3,vegetables
167,word.sabaanikh,vegetables-12,سبانخ,سَبَانِخ,audio.word.sabaanikh,sabaanikh,sabaanikh.mp3,vegetables
168,word.baqdunis,vegetables-13,بقدونس,بَقْدُونِس,audio.word.baqdunis,baqdunis,baqdunis.mp3,vegetables
169,word.nanaa,vegetables-14,نعناع,نَعْنَاع,audio.word.nanaa,nanaa,nanaa.mp3,vegetables
170,word.fijl,vegetables-15,فجل,فِجْل,audio.word.fijl,fijl,fijl.mp3,vegetables
171,word.shamandar,vegetables-16,شمندر,شَمَنْدَر,audio.word.shamandar,shamandar,shamandar.mp3,vegetables
172,word.lift,vegetables-17,لفت,لِفْت,audio.word.lift,lift,lift.mp3,vegetables
173,word.qarnabit,vegetables-18,قرنبيط,قَرْنَبِيط,audio.word.qarnabit,qarnabit,qarnabit.mp3,vegetables
174,word.brukuli,vegetables-19,بروكلي,بْرُوكُلِي,audio.word.brukuli,brukuli,brukuli.mp3,vegetables
175,word.dhura,vegetables-20,ذرة,ذُرَة,audio.word.dhura,dhura,dhura.mp3,vegetables
176,word.baazillaa,vegetables-21,بازلاء,بَازِلَّاء,audio.word.baazillaa,baazillaa,baazillaa.mp3,vegetables
177,word.faasulyaa,vegetables-22,فاصوليا,فَاصُولْيَا,audio.word.faasulyaa,faasulyaa,faasulyaa.mp3,vegetables
178,word.baamya,vegetables-23,بامية,بَامْيَة,audio.word.baamya,baamya,baamya.mp3,vegetables
179,word.karafs,vegetables-24,كرفس,كَرَفْس,audio.word.karafs,karafs,karafs.mp3,vegetables
180,word.qar,vegetables-25,قرع,قَرْع,audio.word.qar,qar,qar.mp3,vegetables
181,word.yaqtin,vegetables-26,يقطين,يَقْطِين,audio.word.yaqtin,yaqtin,yaqtin.mp3,vegetables
182,word.zanjabil,vegetables-27,زنجبيل,زَنْجَبِيل,audio.word.zanjabil,zanjabil,zanjabil.mp3,vegetables
183,word.kuzbara,vegetables-28,كزبرة,كُزْبَرَة,audio.word.kuzbara,kuzbara,kuzbara.mp3,vegetables
184,word.jirjir,vegetables-29,جرجير,جِرْجِير,audio.word.jirjir,jirjir,jirjir.mp3,vegetables
185,word.bataataa_hulwa,vegetables-30,بطاطا حلوة,بَطَاطَا حُلْوَة,audio.word.bataataa_hulwa,bataataa_hulwa,bataataa_hulwa.mp3,vegetables
186,word.umm,family-1,أم,أُمّ,audio.word.umm,umm,umm.mp3,family
187,word.ab,family-2,أب,أَب,audio.word.ab,ab,ab.mp3,family
188,word.akh,family-3,أخ,أَخ,audio.word.akh,akh,akh.mp3,family
189,word.ukht,family-4,أخت,أُخْت,audio.word.ukht,ukht,ukht.mp3,family
190,word.jadd,family-5,جد,جَدّ,audio.word.jadd,jadd,jadd.mp3,family
191,word.jadda,family-6,جدة,جَدَّة,audio.word.jadda,jadda,jadda.mp3,family
192,word.amm,family-7,عم,عَمّ,audio.word.amm,amm,amm.mp3,family
193,word.amma,family-8,عمة,عَمَّة,audio.word.amma,amma,amma.mp3,family
194,word.khaal,family-9,خال,خَال,audio.word.khaal,khaal,khaal.mp3,family
195,word.khaala,family-10,خالة,خَالَة,audio.word.khaala,khaala,khaala.mp3,family
196,word.ibn,family-11,ابن,اِبْن,audio.word.ibn,ibn,ibn.mp3,family
197,word.ibna,family-12,ابنة,اِبْنَة,audio.word.ibna,ibna,ibna.mp3,family
198,word.tifl,family-13,طفل,طِفْل,audio.word.tifl,tifl,tifl.mp3,family
199,word.radi,family-14,رضيع,رَضِيع,audio.word.radi,radi,radi.mp3,family
200,word.waalidaan,family-15,والدان,وَالِدَان,audio.word.waalidaan,waalidaan,waalidaan.mp3,family
201,word.aayila,family-16,عائلة,عَائِلَة,audio.word.aayila,aayila,aayila.mp3,family
202,word.hafid,family-17,حفيد,حَفِيد,audio.word.hafid,hafid,hafid.mp3,family
203,word.hafida,family-18,حفيدة,حَفِيدَة,audio.word.hafida,hafida,hafida.mp3,family
204,word.tawam,family-19,توأم,تَوْأَم,audio.word.tawam,tawam,tawam.mp3,family
205,word.sadiq,family-20,صديق,صَدِيق,audio.word.sadiq,sadiq,sadiq.mp3,family
206,word.sadiqa,family-21,صديقة,صَدِيقَة,audio.word.sadiqa,sadiqa,sadiqa.mp3,family
207,word.jaar,family-22,جار,جَار,audio.word.jaar,jaar,jaar.mp3,family
208,word.jaara,family-23,جارة,جَارَة,audio.word.jaara,jaara,jaara.mp3,family
209,word.dayf,family-24,ضيف,ضَيْف,audio.word.dayf,dayf,dayf.mp3,family
210,word.zawj,family-25,زوج,زَوْج,audio.word.zawj,zawj,zawj.mp3,family
211,word.zawja,family-26,زوجة,زَوْجَة,audio.word.zawja,zawja,zawja.mp3,family
212,word.usra,family-27,أسرة,أُسْرَة,audio.word.usra,usra,usra.mp3,family
213,word.abnaa,family-28,أبناء,أَبْنَاء,audio.word.abnaa,abnaa,abnaa.mp3,family
214,word.banaat,family-29,بنات,بَنَات,audio.word.banaat,banaat,banaat.mp3,family
215,word.awlaad,family-30,أولاد,أَوْلَاد,audio.word.awlaad,awlaad,awlaad.mp3,family
216,word.shaabb,family-31,شاب,شَابّ,audio.word.shaabb,shaabb,shaabb.mp3,family
217,word.fataa,family-32,فتاة,فَتَاة,audio.word.fataa,fataa,fataa.mp3,family
218,word.rajul,family-33,رجل,رَجُل,audio.word.rajul,rajul,rajul.mp3,family
219,word.imraa,family-34,امرأة,اِمْرَأَة,audio.word.imraa,imraa,imraa.mp3,family
220,word.ajuz,family-35,عجوز,عَجُوز,audio.word.ajuz,ajuz,ajuz.mp3,family
221,word.murabbiya,family-36,مربية,مُرَبِّيَة,audio.word.murabbiya,murabbiya,murabbiya.mp3,family
222,word.qarib,family-37,قريب,قَرِيب,audio.word.qarib,qarib,qarib.mp3,family
223,word.nasib,family-38,نسيب,نَسِيب,audio.word.nasib,nasib,nasib.mp3,family
224,word.salaf,family-39,سلف,سَلَف,audio.word.salaf,salaf,salaf.mp3,family
225,word.habib,family-40,حبيب,حَبِيب,audio.word.habib,habib,habib.mp3,family
226,word.ras,body-1,رأس,رَأْس,audio.word.ras,ras,ras.mp3,body
227,word.shaar,body-2,شعر,شَعْر,audio.word.shaar,shaar,shaar.mp3,body
228,word.wajh,body-3,وجه,وَجْه,audio.word.wajh,wajh,wajh.mp3,body
229,word.ayn,body-4,عين,عَيْن,audio.word.ayn,ayn,ayn.mp3,body
230,word.udhun,body-5,أذن,أُذُن,audio.word.udhun,udhun,udhun.mp3,body
231,word.anf,body-6,أنف,أَنْف,audio.word.anf,anf,anf.mp3,body
232,word.fam,body-7,فم,فَم,audio.word.fam,fam,fam.mp3,body
233,word.shafa,body-8,شفة,شَفَة,audio.word.shafa,shafa,shafa.mp3,body
234,word.lisaan,body-9,لسان,لِسَان,audio.word.lisaan,lisaan,lisaan.mp3,body
235,word.sinn,body-10,سن,سِنّ,audio.word.sinn,sinn,sinn.mp3,body
236,word.khadd,body-11,خد,خَدّ,audio.word.khadd,khadd,khadd.mp3,body
237,word.dhaqn,body-12,ذقن,ذَقْن,audio.word.dhaqn,dhaqn,dhaqn.mp3,body
238,word.jabin,body-13,جبين,جَبِين,audio.word.jabin,jabin,jabin.mp3,body
239,word.raqaba,body-14,رقبة,رَقَبَة,audio.word.raqaba,raqaba,raqaba.mp3,body
240,word.katif,body-15,كتف,كَتِف,audio.word.katif,katif,katif.mp3,body
241,word.dhiraa,body-16,ذراع,ذِرَاع,audio.word.dhiraa,dhiraa,dhiraa.mp3,body
242,word.yad,body-17,يد,يَد,audio.word.yad,yad,yad.mp3,body
243,word.isba,body-18,إصبع,إِصْبَع,audio.word.isba,isba,isba.mp3,body
244,word.zufr,body-19,ظفر,ظُفْر,audio.word.zufr,zufr,zufr.mp3,body
245,word.mirfaq,body-20,مرفق,مِرْفَق,audio.word.mirfaq,mirfaq,mirfaq.mp3,body
246,word.sadr,body-21,صدر,صَدْر,audio.word.sadr,sadr,sadr.mp3,body
247,word.batn,body-22,بطن,بَطْن,audio.word.batn,batn,batn.mp3,body
248,word.zahr,body-23,ظهر,ظَهْر,audio.word.zahr,zahr,zahr.mp3,body
249,word.khasr,body-24,خصر,خَصْر,audio.word.khasr,khasr,khasr.mp3,body
250,word.saaq,body-25,ساق,سَاق,audio.word.saaq,saaq,saaq.mp3,body
251,word.rukba,body-26,ركبة,رُكْبَة,audio.word.rukba,rukba,rukba.mp3,body
252,word.qadam,body-27,قدم,قَدَم,audio.word.qadam,qadam,qadam.mp3,body
253,word.kab,body-28,كعب,كَعْب,audio.word.kab,kab,kab.mp3,body
254,word.qalb,body-29,قلب,قَلْب,audio.word.qalb,qalb,qalb.mp3,body
255,word.dimaagh,body-30,دماغ,دِمَاغ,audio.word.dimaagh,dimaagh,dimaagh.mp3,body
256,word.azm,body-31,عظم,عَظْم,audio.word.azm,azm,azm.mp3,body
257,word.jild,body-32,جلد,جِلْد,audio.word.jild,jild,jild.mp3,body
258,word.dam,body-33,دم,دَم,audio.word.dam,dam,dam.mp3,body
259,word.riya,body-34,رئة,رِئَة,audio.word.riya,riya,riya.mp3,body
260,word.maida,body-35,معدة,مَعِدَة,audio.word.maida,maida,maida.mp3,body
261,word.haajib,body-36,حاجب,حَاجِب,audio.word.haajib,haajib,haajib.mp3,body
262,word.rumush,body-37,رموش,رُمُوش,audio.word.rumush,rumush,rumush.mp3,body
263,word.kaff,body-38,كف,كَفّ,audio.word.kaff,kaff,kaff.mp3,body
264,word.qabda,body-39,قبضة,قَبْضَة,audio.word.qabda,qabda,qabda.mp3,body
265,word.jism,body-40,جسم,جِسْم,audio.word.jism,jism,jism.mp3,body
266,word.ahmar,colors-1,أحمر,أَحْمَر,audio.word.ahmar,ahmar,ahmar.mp3,colors
267,word.azraq,colors-2,أزرق,أَزْرَق,audio.word.azraq,azraq,azraq.mp3,colors
268,word.asfar,colors-3,أصفر,أَصْفَر,audio.word.asfar,asfar,asfar.mp3,colors
269,word.akhdar,colors-4,أخضر,أَخْضَر,audio.word.akhdar,akhdar,akhdar.mp3,colors
270,word.burtuqaali,colors-5,برتقالي,بُرْتُقَالِيّ,audio.word.burtuqaali,burtuqaali,burtuqaali.mp3,colors
271,word.banafsaji,colors-6,بنفسجي,بَنَفْسَجِيّ,audio.word.banafsaji,banafsaji,banafsaji.mp3,colors
272,word.wardi,colors-7,وردي,وَرْدِيّ,audio.word.wardi,wardi,wardi.mp3,colors
273,word.bunni,colors-8,بني,بُنِّيّ,audio.word.bunni,bunni,bunni.mp3,colors
274,word.aswad,colors-9,أسود,أَسْوَد,audio.word.aswad,aswad,aswad.mp3,colors
275,word.abyad,colors-10,أبيض,أَبْيَض,audio.word.abyad,abyad,abyad.mp3,colors
276,word.ramaadi,colors-11,رمادي,رَمَادِيّ,audio.word.ramaadi,ramaadi,ramaadi.mp3,colors
277,word.dhahabi,colors-12,ذهبي,ذَهَبِيّ,audio.word.dhahabi,dhahabi,dhahabi.mp3,colors
278,word.fiddi,colors-13,فضي,فِضِّيّ,audio.word.fiddi,fiddi,fiddi.mp3,colors
279,word.samaawi,colors-14,سماوي,سَمَاوِيّ,audio.word.samaawi,samaawi,samaawi.mp3,colors
280,word.faatih,colors-15,فاتح,فَاتِح,audio.word.faatih,faatih,faatih.mp3,colors
281,word.ghaamiq,colors-16,غامق,غَامِق,audio.word.ghaamiq,ghaamiq,ghaamiq.mp3,colors
282,word.fayruzi,colors-17,فيروزي,فَيْرُوزِيّ,audio.word.fayruzi,fayruzi,fayruzi.mp3,colors
283,word.bayj,colors-18,بيج,بَيْج,audio.word.bayj,bayj,bayj.mp3,colors
284,word.nili,colors-19,نيلي,نِيلِيّ,audio.word.nili,nili,nili.mp3,colors
285,word.mulawwan,colors-20,ملون,مُلَوَّن,audio.word.mulawwan,mulawwan,mulawwan.mp3,colors
286,word.wahid,numbers-1,واحد,وَاحِد,audio.word.wahid,wahid,wahid.mp3,numbers
287,word.ithnaan,numbers-2,اثنان,اِثْنَان,audio.word.ithnaan,ithnaan,ithnaan.mp3,numbers
288,word.thalatha,numbers-3,ثلاثة,ثَلَاثَة,audio.word.thalatha,thalatha,thalatha.mp3,numbers
289,word.arbaa,numbers-4,أربعة,أَرْبَعَة,audio.word.arbaa,arbaa,arbaa.mp3,numbers
290,word.khamsa,numbers-5,خمسة,خَمْسَة,audio.word.khamsa,khamsa,khamsa.mp3,numbers
291,word.sitta,numbers-6,ستة,سِتَّة,audio.word.sitta,sitta,sitta.mp3,numbers
292,word.saba,numbers-7,سبعة,سَبْعَة,audio.word.saba,saba,saba.mp3,numbers
293,word.thamaaniya,numbers-8,ثمانية,ثَمَانِيَة,audio.word.thamaaniya,thamaaniya,thamaaniya.mp3,numbers
294,word.tisa,numbers-9,تسعة,تِسْعَة,audio.word.tisa,tisa,tisa.mp3,numbers
295,word.ashara,numbers-10,عشرة,عَشَرَة,audio.word.ashara,ashara,ashara.mp3,numbers
296,word.sifr,numbers-11,صفر,صِفْر,audio.word.sifr,sifr,sifr.mp3,numbers
297,word.ahada_ashar,numbers-12,أحد عشر,أَحَدَ عَشَر,audio.word.ahada_ashar,ahada_ashar,ahada_ashar.mp3,numbers
298,word.ithnaa_ashar,numbers-13,اثنا عشر,اِثْنَا عَشَر,audio.word.ithnaa_ashar,ithnaa_ashar,ithnaa_ashar.mp3,numbers
299,word.ishrun,numbers-14,عشرون,عِشْرُون,audio.word.ishrun,ishrun,ishrun.mp3,numbers
300,word.thalaathun,numbers-15,ثلاثون,ثَلَاثُون,audio.word.thalaathun,thalaathun,thalaathun.mp3,numbers
301,word.khamsun,numbers-16,خمسون,خَمْسُون,audio.word.khamsun,khamsun,khamsun.mp3,numbers
302,word.miya,numbers-17,مئة,مِئَة,audio.word.miya,miya,miya.mp3,numbers
303,word.alf,numbers-18,ألف,أَلْف,audio.word.alf,alf,alf.mp3,numbers
304,word.nisf,numbers-19,نصف,نِصْف,audio.word.nisf,nisf,nisf.mp3,numbers
305,word.zawj,numbers-20,زوج,زَوْج,audio.word.zawj,zawj,zawj.mp3,numbers
306,word.bayt,home-1,بيت,بَيْت,audio.word.bayt,bayt,bayt.mp3,home
307,word.bab,home-2,باب,بَاب,audio.word.bab,bab,bab.mp3,home
308,word.nafidha,home-3,نافذة,نَافِذَة,audio.word.nafidha,nafidha,nafidha.mp3,home
309,word.ghurfa,home-4,غرفة,غُرْفَة,audio.word.ghurfa,ghurfa,ghurfa.mp3,home
310,word.sarir,home-5,سرير,سَرِير,audio.word.sarir,sarir,sarir.mp3,home
311,word.wisaada,home-6,وسادة,وِسَادَة,audio.word.wisaada,wisaada,wisaada.mp3,home
312,word.battaaniya,home-7,بطانية,بَطَّانِيَة,audio.word.battaaniya,battaaniya,battaaniya.mp3,home
313,word.kursi,home-8,كرسي,كُرْسِيّ,audio.word.kursi,kursi,kursi.mp3,home
314,word.tawila,home-9,طاولة,طَاوِلَة,audio.word.tawila,tawila,tawila.mp3,home
315,word.khizaana,home-10,خزانة,خِزَانَة,audio.word.khizaana,khizaana,khizaana.mp3,home
316,word.miraa,home-11,مرآة,مِرْآة,audio.word.miraa,miraa,miraa.mp3,home
317,word.sajjaada,home-12,سجادة,سَجَّادَة,audio.word.sajjaada,sajjaada,sajjaada.mp3,home
318,word.misbaah,home-13,مصباح,مِصْبَاح,audio.word.misbaah,misbaah,misbaah.mp3,home
319,word.saa,home-14,ساعة,سَاعَة,audio.word.saa,saa,saa.mp3,home
320,word.tilfaaz,home-15,تلفاز,تِلْفَاز,audio.word.tilfaaz,tilfaaz,tilfaaz.mp3,home
321,word.thallaaja,home-16,ثلاجة,ثَلَّاجَة,audio.word.thallaaja,thallaaja,thallaaja.mp3,home
322,word.furn,home-17,فرن,فُرْن,audio.word.furn,furn,furn.mp3,home
323,word.mikwaa,home-18,مكواة,مِكْوَاة,audio.word.mikwaa,mikwaa,mikwaa.mp3,home
324,word.miknasa,home-19,مكنسة,مِكْنَسَة,audio.word.miknasa,miknasa,miknasa.mp3,home
325,word.matbakh,home-20,مطبخ,مَطْبَخ,audio.word.matbakh,matbakh,matbakh.mp3,home
326,word.hammam,home-21,حمام,حَمَّام,audio.word.hammam,hammam,hammam.mp3,home
327,word.saabun,home-22,صابون,صَابُون,audio.word.saabun,saabun,saabun.mp3,home
328,word.minshafa,home-23,منشفة,مِنْشَفَة,audio.word.minshafa,minshafa,minshafa.mp3,home
329,word.furshaa,home-24,فرشاة,فُرْشَاة,audio.word.furshaa,furshaa,furshaa.mp3,home
330,word.majun,home-25,معجون,مَعْجُون,audio.word.majun,majun,majun.mp3,home
331,word.musht,home-26,مشط,مُشْط,audio.word.musht,musht,musht.mp3,home
332,word.kub,home-27,كوب,كُوب,audio.word.kub,kub,kub.mp3,home
333,word.sahn,home-28,صحن,صَحْن,audio.word.sahn,sahn,sahn.mp3,home
334,word.milaqa,home-29,ملعقة,مِلْعَقَة,audio.word.milaqa,milaqa,milaqa.mp3,home
335,word.shawka,home-30,شوكة,شَوْكَة,audio.word.shawka,shawka,shawka.mp3,home
336,word.sikkin,home-31,سكين,سِكِّين,audio.word.sikkin,sikkin,sikkin.mp3,home
337,word.qidr,home-32,قدر,قِدْر,audio.word.qidr,qidr,qidr.mp3,home
338,word.miqlaa,home-33,مقلاة,مِقْلَاة,audio.word.miqlaa,miqlaa,miqlaa.mp3,home
339,word.ibriq,home-34,إبريق,إِبْرِيق,audio.word.ibriq,ibriq,ibriq.mp3,home
340,word.salla,home-35,سلة,سَلَّة,audio.word.salla,salla,salla.mp3,home
341,word.daraj,home-36,درج,دَرَج,audio.word.daraj,daraj,daraj.mp3,home
342,word.saqf,home-37,سقف,سَقْف,audio.word.saqf,saqf,saqf.mp3,home
343,word.jidaar,home-38,جدار,جِدَار,audio.word.jidaar,jidaar,jidaar.mp3,home
344,word.ardiyya,home-39,أرضية,أَرْضِيَّة,audio.word.ardiyya,ardiyya,ardiyya.mp3,home
345,word.hadiqa,home-40,حديقة,حَدِيقَة,audio.word.hadiqa,hadiqa,hadiqa.mp3,home
346,word.miftah,home-41,مفتاح,مِفْتَاح,audio.word.miftah,miftah,miftah.mp3,home
347,word.qufl,home-42,قفل,قُفْل,audio.word.qufl,qufl,qufl.mp3,home
348,word.jaras,home-43,جرس,جَرَس,audio.word.jaras,jaras,jaras.mp3,home
349,word.sitaara,home-44,ستارة,سِتَارَة,audio.word.sitaara,sitaara,sitaara.mp3,home
350,word.arika,home-45,أريكة,أَرِيكَة,audio.word.arika,arika,arika.mp3,home
351,word.raff,home-46,رف,رَفّ,audio.word.raff,raff,raff.mp3,home
352,word.sunduq,home-47,صندوق,صُنْدُوق,audio.word.sunduq,sunduq,sunduq.mp3,home
353,word.mirwaha,home-48,مروحة,مِرْوَحَة,audio.word.mirwaha,mirwaha,mirwaha.mp3,home
354,word.haatif,home-49,هاتف,هَاتِف,audio.word.haatif,haatif,haatif.mp3,home
355,word.mizalla,home-50,مظلة,مِظَلَّة,audio.word.mizalla,mizalla,mizalla.mp3,home
356,word.madrasa,school-1,مدرسة,مَدْرَسَة,audio.word.madrasa,madrasa,madrasa.mp3,school
357,word.muallim,school-2,معلم,مُعَلِّم,audio.word.muallim,muallim,muallim.mp3,school
358,word.muallima,school-3,معلمة,مُعَلِّمَة,audio.word.muallima,muallima,muallima.mp3,school
359,word.tilmidh,school-4,تلميذ,تِلْمِيذ,audio.word.tilmidh,tilmidh,tilmidh.mp3,school
360,word.fasl,school-5,فصل,فَصْل,audio.word.fasl,fasl,fasl.mp3,school
361,word.kitab,school-6,كتاب,كِتَاب,audio.word.kitab,kitab,kitab.mp3,school
362,word.daftar,school-7,دفتر,دَفْتَر,audio.word.daftar,daftar,daftar.mp3,school
363,word.qalam,school-8,قلم,قَلَم,audio.word.qalam,qalam,qalam.mp3,school
364,word.mimhaa,school-9,ممحاة,مِمْحَاة,audio.word.mimhaa,mimhaa,mimhaa.mp3,school
365,word.mistara,school-10,مسطرة,مِسْطَرَة,audio.word.mistara,mistara,mistara.mp3,school
366,word.haqiba,school-11,حقيبة,حَقِيبَة,audio.word.haqiba,haqiba,haqiba.mp3,school
367,word.sabbura,school-12,سبورة,سَبُّورَة,audio.word.sabbura,sabbura,sabbura.mp3,school
368,word.tabaashir,school-13,طباشير,طَبَاشِير,audio.word.tabaashir,tabaashir,tabaashir.mp3,school
369,word.alwaan,school-14,ألوان,أَلْوَان,audio.word.alwaan,alwaan,alwaan.mp3,school
370,word.miqass,school-15,مقص,مِقَصّ,audio.word.miqass,miqass,miqass.mp3,school
371,word.ghiraa,school-16,غراء,غِرَاء,audio.word.ghiraa,ghiraa,ghiraa.mp3,school
372,word.waraqa,school-17,ورقة,وَرَقَة,audio.word.waraqa,waraqa,waraqa.mp3,school
373,word.rasm,school-18,رسم,رَسْم,audio.word.rasm,rasm,rasm.mp3,school
374,word.dars,school-19,درس,دَرْس,audio.word.dars,dars,dars.mp3,school
375,word.waajib,school-20,واجب,وَاجِب,audio.word.waajib,waajib,waajib.mp3,school
376,word.imtihaan,school-21,امتحان,اِمْتِحَان,audio.word.imtihaan,imtihaan,imtihaan.mp3,school
377,word.suwaal,school-22,سؤال,سُؤَال,audio.word.suwaal,suwaal,suwaal.mp3,school
378,word.jawaab,school-23,جواب,جَوَاب,audio.word.jawaab,jawaab,jawaab.mp3,school
379,word.harf,school-24,حرف,حَرْف,audio.word.harf,harf,harf.mp3,school
380,word.kalima,school-25,كلمة,كَلِمَة,audio.word.kalima,kalima,kalima.mp3,school
381,word.jumla,school-26,جملة,جُمْلَة,audio.word.jumla,jumla,jumla.mp3,school
382,word.qissa,school-27,قصة,قِصَّة,audio.word.qissa,qissa,qissa.mp3,school
383,word.qiraa,school-28,قراءة,قِرَاءَة,audio.word.qiraa,qiraa,qiraa.mp3,school
384,word.kitaaba,school-29,كتابة,كِتَابَة,audio.word.kitaaba,kitaaba,kitaaba.mp3,school
385,word.hisaab,school-30,حساب,حِسَاب,audio.word.hisaab,hisaab,hisaab.mp3,school
386,word.ilm,school-31,علم,عِلْم,audio.word.ilm,ilm,ilm.mp3,school
387,word.maktaba,school-32,مكتبة,مَكْتَبَة,audio.word.maktaba,maktaba,maktaba.mp3,school
388,word.maktab,school-33,مكتب,مَكْتَب,audio.word.maktab,maktab,maktab.mp3,school
389,word.jarasu_almadrasa,school-34,جرس المدرسة,جَرَسُ المَدْرَسَة,audio.word.jarasu_almadrasa,jarasu_almadrasa,jarasu_almadrasa.mp3,school
390,word.fusha,school-35,فسحة,فُسْحَة,audio.word.fusha,fusha,fusha.mp3,school
391,word.malab,school-36,ملعب,مَلْعَب,audio.word.malab,malab,malab.mp3,school
392,word.sadiqu_alssaff,school-37,صديق الصف,صَدِيقُ الصَّفّ,audio.word.sadiqu_alssaff,sadiqu_alssaff,sadiqu_alssaff.mp3,school
393,word.najma,school-38,نجمة,نَجْمَة,audio.word.najma,najma,najma.mp3,school
394,word.shahaada,school-39,شهادة,شَهَادَة,audio.word.shahaada,shahaada,shahaada.mp3,school
395,word.haasub,school-40,حاسوب,حَاسُوب,audio.word.haasub,haasub,haasub.mp3,school
396,word.qamis,clothes-1,قميص,قَمِيص,audio.word.qamis,qamis,qamis.mp3,clothes
397,word.bantaal,clothes-2,بنطال,بَنْطَال,audio.word.bantaal,bantaal,bantaal.mp3,clothes
398,word.fustaan,clothes-3,فستان,فُسْتَان,audio.word.fustaan,fustaan,fustaan.mp3,clothes
399,word.tannura,clothes-4,تنورة,تَنُّورَة,audio.word.tannura,tannura,tannura.mp3,clothes
400,word.mitaf,clothes-5,معطف,مِعْطَف,audio.word.mitaf,mitaf,mitaf.mp3,clothes
401,word.sutra,clothes-6,سترة,سُتْرَة,audio.word.sutra,sutra,sutra.mp3,clothes
402,word.kanza,clothes-7,كنزة,كَنْزَة,audio.word.kanza,kanza,kanza.mp3,clothes
403,word.jawrab,clothes-8,جورب,جَوْرَب,audio.word.jawrab,jawrab,jawrab.mp3,clothes
404,word.hidha,clothes-9,حذاء,حِذَاء,audio.word.hidha,hidha,hidha.mp3,clothes
405,word.sandal,clothes-10,صندل,صَنْدَل,audio.word.sandal,sandal,sandal.mp3,clothes
406,word.hizaam,clothes-11,حزام,حِزَام,audio.word.hizaam,hizaam,hizaam.mp3,clothes
407,word.qubbaa,clothes-12,قبعة,قُبَّعَة,audio.word.qubbaa,qubbaa,qubbaa.mp3,clothes
408,word.wishaah,clothes-13,وشاح,وِشَاح,audio.word.wishaah,wishaah,wishaah.mp3,clothes
409,word.quffaaz,clothes-14,قفاز,قُفَّاز,audio.word.quffaaz,quffaaz,quffaaz.mp3,clothes
410,word.nazzaara,clothes-15,نظارة,نَظَّارَة,audio.word.nazzaara,nazzaara,nazzaara.mp3,clothes
411,word.saa_yad,clothes-16,ساعة يد,سَاعَةُ يَد,audio.word.saa_yad,saa_yad,saa_yad.mp3,clothes
412,word.haqiba_yad,clothes-17,حقيبة يد,حَقِيبَةُ يَد,audio.word.haqiba_yad,haqiba_yad,haqiba_yad.mp3,clothes
413,word.mihfaza,clothes-18,محفظة,مِحْفَظَة,audio.word.mihfaza,mihfaza,mihfaza.mp3,clothes
414,word.zirr,clothes-19,زر,زِرّ,audio.word.zirr,zirr,zirr.mp3,clothes
415,word.jayb,clothes-20,جيب,جَيْب,audio.word.jayb,jayb,jayb.mp3,clothes
416,word.mindil,clothes-21,منديل,مِنْدِيل,audio.word.mindil,mindil,mindil.mp3,clothes
417,word.miryala,clothes-22,مريلة,مِرْيَلَة,audio.word.miryala,miryala,miryala.mp3,clothes
418,word.bijaama,clothes-23,بيجامة,بِيجَامَة,audio.word.bijaama,bijaama,bijaama.mp3,clothes
419,word.shurt,clothes-24,شورت,شُورْت,audio.word.shurt,shurt,shurt.mp3,clothes
420,word.thawb,clothes-25,ثوب,ثَوْب,audio.word.thawb,thawb,thawb.mp3,clothes
421,word.abaa,clothes-26,عباءة,عَبَاءَة,audio.word.abaa,abaa,abaa.mp3,clothes
422,word.hijaab,clothes-27,حجاب,حِجَاب,audio.word.hijaab,hijaab,hijaab.mp3,clothes
423,word.kufiyya,clothes-28,كوفية,كُوفِيَّة,audio.word.kufiyya,kufiyya,kufiyya.mp3,clothes
424,word.qamisu_daakhili,clothes-29,قميص داخلي,قَمِيصٌ دَاخِلِيّ,audio.word.qamisu_daakhili,qamisu_daakhili,qamisu_daakhili.mp3,clothes
425,word.malaabisu_riyaada,clothes-30,ملابس رياضة,مَلَابِسُ رِيَاضَة,audio.word.malaabisu_riyaada,malaabisu_riyaada,malaabisu_riyaada.mp3,clothes
426,word.mitafu_matar,clothes-31,معطف مطر,مِعْطَفُ مَطَر,audio.word.mitafu_matar,mitafu_matar,mitafu_matar.mp3,clothes
427,word.hidhaau_matar,clothes-32,حذاء مطر,حِذَاءُ مَطَر,audio.word.hidhaau_matar,hidhaau_matar,hidhaau_matar.mp3,clothes
428,word.khaatam,clothes-33,خاتم,خَاتَم,audio.word.khaatam,khaatam,khaatam.mp3,clothes
429,word.siwaar,clothes-34,سوار,سِوَار,audio.word.siwaar,siwaar,siwaar.mp3,clothes
430,word.qilaada,clothes-35,قلادة,قِلَادَة,audio.word.qilaada,qilaada,qilaada.mp3,clothes
431,word.shajara,nature-1,شجرة,شَجَرَة,audio.word.shajara,shajara,shajara.mp3,nature
432,word.zahra,nature-2,زهرة,زَهْرَة,audio.word.zahra,zahra,zahra.mp3,nature
433,word.warda,nature-3,وردة,وَرْدَة,audio.word.warda,warda,warda.mp3,nature
434,word.waraqa,nature-4,ورقة,وَرَقَة,audio.word.waraqa,waraqa,waraqa.mp3,nature
435,word.ushb,nature-5,عشب,عُشْب,audio.word.ushb,ushb,ushb.mp3,nature
436,word.ghusn,nature-6,غصن,غُصْن,audio.word.ghusn,ghusn,ghusn.mp3,nature
437,word.jadhr,nature-7,جذر,جَذْر,audio.word.jadhr,jadhr,jadhr.mp3,nature
438,word.badhra,nature-8,بذرة,بَذْرَة,audio.word.badhra,badhra,badhra.mp3,nature
439,word.nabaatu_saghir,nature-9,نبات صغير,نَبَاتٌ صَغِير,audio.word.nabaatu_saghir,nabaatu_saghir,nabaatu_saghir.mp3,nature
440,word.ghaaba,nature-10,غابة,غَابَة,audio.word.ghaaba,ghaaba,ghaaba.mp3,nature
441,word.jabal,nature-11,جبل,جَبَل,audio.word.jabal,jabal,jabal.mp3,nature
442,word.tall,nature-12,تل,تَلّ,audio.word.tall,tall,tall.mp3,nature
443,word.waadi,nature-13,واد,وَادٍ,audio.word.waadi,waadi,waadi.mp3,nature
444,word.sahraa,nature-14,صحراء,صَحْرَاء,audio.word.sahraa,sahraa,sahraa.mp3,nature
445,word.raml,nature-15,رمل,رَمْل,audio.word.raml,raml,raml.mp3,nature
446,word.hajar,nature-16,حجر,حَجَر,audio.word.hajar,hajar,hajar.mp3,nature
447,word.turaab,nature-17,تراب,تُرَاب,audio.word.turaab,turaab,turaab.mp3,nature
448,word.nahr,nature-18,نهر,نَهْر,audio.word.nahr,nahr,nahr.mp3,nature
449,word.buhayra,nature-19,بحيرة,بُحَيْرَة,audio.word.buhayra,buhayra,buhayra.mp3,nature
450,word.shallaal,nature-20,شلال,شَلَّال,audio.word.shallaal,shallaal,shallaal.mp3,nature
451,word.ayn_maa,nature-21,عين ماء,عَيْن مَاء,audio.word.ayn_maa,ayn_maa,ayn_maa.mp3,nature
452,word.matar,nature-22,مطر,مَطَر,audio.word.matar,matar,matar.mp3,nature
453,word.thalj,nature-23,ثلج,ثَلْج,audio.word.thalj,thalj,thalj.mp3,nature
454,word.barad,nature-24,برد,بَرَد,audio.word.barad,barad,barad.mp3,nature
455,word.rih,nature-25,ريح,رِيح,audio.word.rih,rih,rih.mp3,nature
456,word.aasifa,nature-26,عاصفة,عَاصِفَة,audio.word.aasifa,aasifa,aasifa.mp3,nature
457,word.sahaab,nature-27,سحاب,سَحَاب,audio.word.sahaab,sahaab,sahaab.mp3,nature
458,word.dabaab,nature-28,ضباب,ضَبَاب,audio.word.dabaab,dabaab,dabaab.mp3,nature
459,word.qawsu_quzah,nature-29,قوس قزح,قَوْسُ قُزَح,audio.word.qawsu_quzah,qawsu_quzah,qawsu_quzah.mp3,nature
460,word.barq,nature-30,برق,بَرْق,audio.word.barq,barq,barq.mp3,nature
461,word.rad,nature-31,رعد,رَعْد,audio.word.rad,rad,rad.mp3,nature
462,word.nar,nature-32,نار,نَار,audio.word.nar,nar,nar.mp3,nature
463,word.dukhaan,nature-33,دخان,دُخَان,audio.word.dukhaan,dukhaan,dukhaan.mp3,nature
464,word.jalid,nature-34,جليد,جَلِيد,audio.word.jalid,jalid,jalid.mp3,nature
465,word.tin_2,nature-35,طين,طِين,audio.word.tin_2,tin_2,tin_2.mp3,nature
466,word.kahf,nature-36,كهف,كَهْف,audio.word.kahf,kahf,kahf.mp3,nature
467,word.jazira,nature-37,جزيرة,جَزِيرَة,audio.word.jazira,jazira,jazira.mp3,nature
468,word.shaatiy,nature-38,شاطئ,شَاطِئ,audio.word.shaatiy,shaatiy,shaatiy.mp3,nature
469,word.bustaan,nature-39,بستان,بُسْتَان,audio.word.bustaan,bustaan,bustaan.mp3,nature
470,word.mazraa,nature-40,مزرعة,مَزْرَعَة,audio.word.mazraa,mazraa,mazraa.mp3,nature
471,word.haql,nature-41,حقل,حَقْل,audio.word.haql,haql,haql.mp3,nature
472,word.qamh,nature-42,قمح,قَمْح,audio.word.qamh,qamh,qamh.mp3,nature
473,word.nakhla,nature-43,نخلة,نَخْلَة,audio.word.nakhla,nakhla,nakhla.mp3,nature
474,word.sabbaar,nature-44,صبار,صَبَّار,audio.word.sabbaar,sabbaar,sabbaar.mp3,nature
475,word.fitr,nature-45,فطر,فِطْر,audio.word.fitr,fitr,fitr.mp3,nature
476,word.sayyara,transport-1,سيارة,سَيَّارَة,audio.word.sayyara,sayyara,sayyara.mp3,transport
477,word.hafila,transport-2,حافلة,حَافِلَة,audio.word.hafila,hafila,hafila.mp3,transport
478,word.darraja,transport-3,دراجة,دَرَّاجَة,audio.word.darraja,darraja,darraja.mp3,transport
479,word.darraaja_naariyya,transport-4,دراجة نارية,دَرَّاجَةٌ نَارِيَّة,audio.word.darraaja_naariyya,darraaja_naariyya,darraaja_naariyya.mp3,transport
480,word.qitar,transport-5,قطار,قِطَار,audio.word.qitar,qitar,qitar.mp3,transport
481,word.taayira,transport-6,طائرة,طَائِرَة,audio.word.taayira,taayira,taayira.mp3,transport
482,word.safina,transport-7,سفينة,سَفِينَة,audio.word.safina,safina,safina.mp3,transport
483,word.qaarib,transport-8,قارب,قَارِب,audio.word.qaarib,qaarib,qaarib.mp3,transport
484,word.shaahina,transport-9,شاحنة,شَاحِنَة,audio.word.shaahina,shaahina,shaahina.mp3,transport
485,word.sayyaara_isaaf,transport-10,سيارة إسعاف,سَيَّارَةُ إِسْعَاف,audio.word.sayyaara_isaaf,sayyaara_isaaf,sayyaara_isaaf.mp3,transport
486,word.sayyaara_itfaa,transport-11,سيارة إطفاء,سَيَّارَةُ إِطْفَاء,audio.word.sayyaara_itfaa,sayyaara_itfaa,sayyaara_itfaa.mp3,transport
487,word.sayyaara_shurta,transport-12,سيارة شرطة,سَيَّارَةُ شُرْطَة,audio.word.sayyaara_shurta,sayyaara_shurta,sayyaara_shurta.mp3,transport
488,word.jarraar,transport-13,جرار,جَرَّار,audio.word.jarraar,jarraar,jarraar.mp3,transport
489,word.mirwahiyya,transport-14,مروحية,مِرْوَحِيَّة,audio.word.mirwahiyya,mirwahiyya,mirwahiyya.mp3,transport
490,word.saarukh,transport-15,صاروخ,صَارُوخ,audio.word.saarukh,saarukh,saarukh.mp3,transport
491,word.ghawwaasa,transport-16,غواصة,غَوَّاصَة,audio.word.ghawwaasa,ghawwaasa,ghawwaasa.mp3,transport
492,word.mitru,transport-17,مترو,مِتْرُو,audio.word.mitru,mitru,mitru.mp3,transport
493,word.taaksi,transport-18,تاكسي,تَاكْسِي,audio.word.taaksi,taaksi,taaksi.mp3,transport
494,word.araba,transport-19,عربة,عَرَبَة,audio.word.araba,araba,araba.mp3,transport
495,word.mizlaja,transport-20,مزلجة,مِزْلَجَة,audio.word.mizlaja,mizlaja,mizlaja.mp3,transport
496,word.lawhu_tazalluj,transport-21,لوح تزلج,لَوْحُ تَزَلُّج,audio.word.lawhu_tazalluj,lawhu_tazalluj,lawhu_tazalluj.mp3,transport
497,word.mintaad,transport-22,منطاد,مِنْطَاد,audio.word.mintaad,mintaad,mintaad.mp3,transport
498,word.ajala,transport-23,عجلة,عَجَلَة,audio.word.ajala,ajala,ajala.mp3,transport
499,word.miqwad,transport-24,مقود,مِقْوَد,audio.word.miqwad,miqwad,miqwad.mp3,transport
500,word.tariq,transport-25,طريق,طَرِيق,audio.word.tariq,tariq,tariq.mp3,transport
501,word.jisr,transport-26,جسر,جِسْر,audio.word.jisr,jisr,jisr.mp3,transport
502,word.nafaq,transport-27,نفق,نَفَق,audio.word.nafaq,nafaq,nafaq.mp3,transport
503,word.mahatta,transport-28,محطة,مَحَطَّة,audio.word.mahatta,mahatta,mahatta.mp3,transport
504,word.mataar,transport-29,مطار,مَطَار,audio.word.mataar,mataar,mataar.mp3,transport
505,word.minaa,transport-30,ميناء,مِينَاء,audio.word.minaa,minaa,minaa.mp3,transport
506,word.ishaara_murur,transport-31,إشارة مرور,إِشَارَةُ مُرُور,audio.word.ishaara_murur,ishaara_murur,ishaara_murur.mp3,transport
507,word.mawqif,transport-32,موقف,مَوْقِف,audio.word.mawqif,mawqif,mawqif.mp3,transport
508,word.waqud,transport-33,وقود,وَقُود,audio.word.waqud,waqud,waqud.mp3,transport
509,word.khudha,transport-34,خوذة,خُوذَة,audio.word.khudha,khudha,khudha.mp3,transport
510,word.hizaamu_amaan,transport-35,حزام أمان,حِزَامُ أَمَان,audio.word.hizaamu_amaan,hizaamu_amaan,hizaamu_amaan.mp3,transport
511,word.tabib,jobs-1,طبيب,طَبِيب,audio.word.tabib,tabib,tabib.mp3,jobs
512,word.tabiba,jobs-2,طبيبة,طَبِيبَة,audio.word.tabiba,tabiba,tabiba.mp3,jobs
513,word.mumarrid,jobs-3,ممرض,مُمَرِّض,audio.word.mumarrid,mumarrid,mumarrid.mp3,jobs
514,word.muallim,jobs-4,معلم,مُعَلِّم,audio.word.muallim,muallim,muallim.mp3,jobs
515,word.muhandis,jobs-5,مهندس,مُهَنْدِس,audio.word.muhandis,muhandis,muhandis.mp3,jobs
516,word.shurti,jobs-6,شرطي,شُرْطِيّ,audio.word.shurti,shurti,shurti.mp3,jobs
517,word.itfaayi,jobs-7,إطفائي,إِطْفَائِيّ,audio.word.itfaayi,itfaayi,itfaayi.mp3,jobs
518,word.tayyaar,jobs-8,طيار,طَيَّار,audio.word.tayyaar,tayyaar,tayyaar.mp3,jobs
519,word.bahhaar,jobs-9,بحار,بَحَّار,audio.word.bahhaar,bahhaar,bahhaar.mp3,jobs
520,word.saayiq,jobs-10,سائق,سَائِق,audio.word.saayiq,saayiq,saayiq.mp3,jobs
521,word.fallaah,jobs-11,فلاح,فَلَّاح,audio.word.fallaah,fallaah,fallaah.mp3,jobs
522,word.khabbaaz,jobs-12,خباز,خَبَّاز,audio.word.khabbaaz,khabbaaz,khabbaaz.mp3,jobs
523,word.tabbaakh,jobs-13,طباخ,طَبَّاخ,audio.word.tabbaakh,tabbaakh,tabbaakh.mp3,jobs
524,word.jazzaar,jobs-14,جزار,جَزَّار,audio.word.jazzaar,jazzaar,jazzaar.mp3,jobs
525,word.baqqaal,jobs-15,بقال,بَقَّال,audio.word.baqqaal,baqqaal,baqqaal.mp3,jobs
526,word.najjaar,jobs-16,نجار,نَجَّار,audio.word.najjaar,najjaar,najjaar.mp3,jobs
527,word.haddaad,jobs-17,حداد,حَدَّاد,audio.word.haddaad,haddaad,haddaad.mp3,jobs
528,word.bannaa,jobs-18,بناء,بَنَّاء,audio.word.bannaa,bannaa,bannaa.mp3,jobs
529,word.sabbaak,jobs-19,سباك,سَبَّاك,audio.word.sabbaak,sabbaak,sabbaak.mp3,jobs
530,word.kahrabaayi,jobs-20,كهربائي,كَهْرَبَائِيّ,audio.word.kahrabaayi,kahrabaayi,kahrabaayi.mp3,jobs
531,word.khayyaat,jobs-21,خياط,خَيَّاط,audio.word.khayyaat,khayyaat,khayyaat.mp3,jobs
532,word.hallaaq,jobs-22,حلاق,حَلَّاق,audio.word.hallaaq,hallaaq,hallaaq.mp3,jobs
533,word.rassaam,jobs-23,رسام,رَسَّام,audio.word.rassaam,rassaam,rassaam.mp3,jobs
534,word.musiqi,jobs-24,موسيقي,مُوسِيقِيّ,audio.word.musiqi,musiqi,musiqi.mp3,jobs
535,word.kaatib,jobs-25,كاتب,كَاتِب,audio.word.kaatib,kaatib,kaatib.mp3,jobs
536,word.sahafi,jobs-26,صحفي,صَحَفِيّ,audio.word.sahafi,sahafi,sahafi.mp3,jobs
537,word.aalim,jobs-27,عالم,عَالِم,audio.word.aalim,aalim,aalim.mp3,jobs
538,word.saydali,jobs-28,صيدلي,صَيْدَلِيّ,audio.word.saydali,saydali,saydali.mp3,jobs
539,word.tabibu_asnaan,jobs-29,طبيب أسنان,طَبِيبُ أَسْنَان,audio.word.tabibu_asnaan,tabibu_asnaan,tabibu_asnaan.mp3,jobs
540,word.muhaami,jobs-30,محام,مُحَامٍ,audio.word.muhaami,muhaami,muhaami.mp3,jobs
541,word.qaadi,jobs-31,قاض,قَاضٍ,audio.word.qaadi,qaadi,qaadi.mp3,jobs
542,word.saai_albarid,jobs-32,ساعي البريد,سَاعِي البَرِيد,audio.word.saai_albarid,saai_albarid,saai_albarid.mp3,jobs
543,word.haaris,jobs-33,حارس,حَارِس,audio.word.haaris,haaris,haaris.mp3,jobs
544,word.riyaadi,jobs-34,رياضي,رِيَاضِيّ,audio.word.riyaadi,riyaadi,riyaadi.mp3,jobs
545,word.raayidu_fadaa,jobs-35,رائد فضاء,رَائِدُ فَضَاء,audio.word.raayidu_fadaa,raayidu_fadaa,raayidu_fadaa.mp3,jobs
546,word.usfur,birds-1,عصفور,عُصْفُور,audio.word.usfur,usfur,usfur.mp3,birds
547,word.hamaama,birds-2,حمامة,حَمَامَة,audio.word.hamaama,hamaama,hamaama.mp3,birds
548,word.babbaghaa,birds-3,ببغاء,بَبَّغَاء,audio.word.babbaghaa,babbaghaa,babbaghaa.mp3,birds
549,word.nasr,birds-4,نسر,نَسْر,audio.word.nasr,nasr,nasr.mp3,birds
550,word.saqr,birds-5,صقر,صَقْر,audio.word.saqr,saqr,saqr.mp3,birds
551,word.buma,birds-6,بومة,بُومَة,audio.word.buma,buma,buma.mp3,birds
552,word.taawus,birds-7,طاووس,طَاوُوس,audio.word.taawus,taawus,taawus.mp3,birds
553,word.bajaa,birds-8,بجعة,بَجَعَة,audio.word.bajaa,bajaa,bajaa.mp3,birds
554,word.naama,birds-9,نعامة,نَعَامَة,audio.word.naama,naama,naama.mp3,birds
555,word.ghuraab,birds-10,غراب,غُرَاب,audio.word.ghuraab,ghuraab,ghuraab.mp3,birds
556,word.dik,birds-11,ديك,دِيك,audio.word.dik,dik,dik.mp3,birds
557,word.dajaja,birds-12,دجاجة,دَجَاجَة,audio.word.dajaja,dajaja,dajaja.mp3,birds
558,word.katkut,birds-13,كتكوت,كَتْكُوت,audio.word.katkut,katkut,katkut.mp3,birds
559,word.batta,birds-14,بطة,بَطَّة,audio.word.batta,batta,batta.mp3,birds
560,word.iwazza,birds-15,إوزة,إِوَزَّة,audio.word.iwazza,iwazza,iwazza.mp3,birds
561,word.falaaminghu,birds-16,فلامنغو,فَلَامِنْغُو,audio.word.falaaminghu,falaaminghu,falaaminghu.mp3,birds
562,word.batriq,birds-17,بطريق,بَطْرِيق,audio.word.batriq,batriq,batriq.mp3,birds
563,word.taayiru_tannaan,birds-18,طائر طنان,طَائِرٌ طَنَّان,audio.word.taayiru_tannaan,taayiru_tannaan,taayiru_tannaan.mp3,birds
564,word.laqlaq,birds-19,لقلق,لَقْلَق,audio.word.laqlaq,laqlaq,laqlaq.mp3,birds
565,word.sununu,birds-20,سنونو,سُنُونُو,audio.word.sununu,sununu,sununu.mp3,birds
566,word.nahla,birds-21,نحلة,نَحْلَة,audio.word.nahla,nahla,nahla.mp3,birds
567,word.farasha,birds-22,فراشة,فَرَاشَة,audio.word.farasha,farasha,farasha.mp3,birds
568,word.namla,birds-23,نملة,نَمْلَة,audio.word.namla,namla,namla.mp3,birds
569,word.sursur,birds-24,صرصور,صُرْصُور,audio.word.sursur,sursur,sursur.mp3,birds
570,word.jundub,birds-25,جندب,جُنْدُب,audio.word.jundub,jundub,jundub.mp3,birds
571,word.ankabut,birds-26,عنكبوت,عَنْكَبُوت,audio.word.ankabut,ankabut,ankabut.mp3,birds
572,word.dhubaaba,birds-27,ذبابة,ذُبَابَة,audio.word.dhubaaba,dhubaaba,dhubaaba.mp3,birds
573,word.bauda,birds-28,بعوضة,بَعُوضَة,audio.word.bauda,bauda,bauda.mp3,birds
574,word.khunfusaa,birds-29,خنفساء,خُنْفُسَاء,audio.word.khunfusaa,khunfusaa,khunfusaa.mp3,birds
575,word.duda,birds-30,دودة,دُودَة,audio.word.duda,duda,duda.mp3,birds
576,word.yaraqa,birds-31,يرقة,يَرَقَة,audio.word.yaraqa,yaraqa,yaraqa.mp3,birds
577,word.aqrab,birds-32,عقرب,عَقْرَب,audio.word.aqrab,aqrab,aqrab.mp3,birds
578,word.halazun,birds-33,حلزون,حَلَزُون,audio.word.halazun,halazun,halazun.mp3,birds
579,word.dasuqa,birds-34,دعسوقة,دَعْسُوقَة,audio.word.dasuqa,dasuqa,dasuqa.mp3,birds
580,word.yasub,birds-35,يعسوب,يَعْسُوب,audio.word.yasub,yasub,yasub.mp3,birds
581,word.bahr,sea-1,بحر,بَحْر,audio.word.bahr,bahr,bahr.mp3,sea
582,word.mawja,sea-2,موجة,مَوْجَة,audio.word.mawja,mawja,mawja.mp3,sea
583,word.samaka,sea-3,سمكة,سَمَكَة,audio.word.samaka,samaka,samaka.mp3,sea
584,word.samaka_mulawwana,sea-4,سمكة ملونة,سَمَكَةٌ مُلَوَّنَة,audio.word.samaka_mulawwana,samaka_mulawwana,samaka_mulawwana.mp3,sea
585,word.hut,sea-5,حوت,حُوت,audio.word.hut,hut,hut.mp3,sea
586,word.dulfin,sea-6,دلفين,دُلْفِين,audio.word.dulfin,dulfin,dulfin.mp3,sea
587,word.qirsh,sea-7,قرش,قِرْش,audio.word.qirsh,qirsh,qirsh.mp3,sea
588,word.ukhtubut,sea-8,أخطبوط,أُخْطُبُوط,audio.word.ukhtubut,ukhtubut,ukhtubut.mp3,sea
589,word.habbaaru_albahr,sea-9,حبار البحر,حَبَّارُ البَحْر,audio.word.habbaaru_albahr,habbaaru_albahr,habbaaru_albahr.mp3,sea
590,word.sarataan,sea-10,سرطان,سَرَطَان,audio.word.sarataan,sarataan,sarataan.mp3,sea
591,word.jambari,sea-11,جمبري,جَمْبَرِي,audio.word.jambari,jambari,jambari.mp3,sea
592,word.najmu_albahr,sea-12,نجم البحر,نَجْمُ البَحْر,audio.word.najmu_albahr,najmu_albahr,najmu_albahr.mp3,sea
593,word.qundusu_albahr,sea-13,قندس البحر,قُنْدُسُ البَحْر,audio.word.qundusu_albahr,qundusu_albahr,qundusu_albahr.mp3,sea
594,word.faqma,sea-14,فقمة,فَقْمَة,audio.word.faqma,faqma,faqma.mp3,sea
595,word.mahaara,sea-15,محارة,مَحَارَة,audio.word.mahaara,mahaara,mahaara.mp3,sea
596,word.sadafa,sea-16,صدفة,صَدَفَة,audio.word.sadafa,sadafa,sadafa.mp3,sea
597,word.luwluwa,sea-17,لؤلؤة,لُؤْلُؤَة,audio.word.luwluwa,luwluwa,luwluwa.mp3,sea
598,word.marjaan,sea-18,مرجان,مَرْجَان,audio.word.marjaan,marjaan,marjaan.mp3,sea
599,word.tuhlub,sea-19,طحلب,طُحْلُب,audio.word.tuhlub,tuhlub,tuhlub.mp3,sea
600,word.shiraa,sea-20,شراع,شِرَاع,audio.word.shiraa,shiraa,shiraa.mp3,sea
601,word.mirsaa,sea-21,مرساة,مِرْسَاة,audio.word.mirsaa,mirsaa,mirsaa.mp3,sea
602,word.ghawwaas,sea-22,غواص,غَوَّاص,audio.word.ghawwaas,ghawwaas,ghawwaas.mp3,sea
603,word.zaanif,sea-23,زعانف,زَعَانِف,audio.word.zaanif,zaanif,zaanif.mp3,sea
604,word.shaatiyu_ramli,sea-24,شاطئ رملي,شَاطِئٌ رَمْلِيّ,audio.word.shaatiyu_ramli,shaatiyu_ramli,shaatiyu_ramli.mp3,sea
605,word.manaara,sea-25,منارة,مَنَارَة,audio.word.manaara,manaara,manaara.mp3,sea
606,word.shams,sky-1,شمس,شَمْس,audio.word.shams,shams,shams.mp3,sky
607,word.qamar,sky-2,قمر,قَمَر,audio.word.qamar,qamar,qamar.mp3,sky
608,word.najma,sky-3,نجمة,نَجْمَة,audio.word.najma,najma,najma.mp3,sky
609,word.sama,sky-4,سماء,سَمَاء,audio.word.sama,sama,sama.mp3,sky
610,word.kawkab,sky-5,كوكب,كَوْكَب,audio.word.kawkab,kawkab,kawkab.mp3,sky
611,word.ard,sky-6,أرض,أَرْض,audio.word.ard,ard,ard.mp3,sky
612,word.fadaa,sky-7,فضاء,فَضَاء,audio.word.fadaa,fadaa,fadaa.mp3,sky
613,word.majarra,sky-8,مجرة,مَجَرَّة,audio.word.majarra,majarra,majarra.mp3,sky
614,word.shihaab,sky-9,شهاب,شِهَاب,audio.word.shihaab,shihaab,shihaab.mp3,sky
615,word.mudhannab,sky-10,مذنب,مُذَنَّب,audio.word.mudhannab,mudhannab,mudhannab.mp3,sky
616,word.hilaal,sky-11,هلال,هِلَال,audio.word.hilaal,hilaal,hilaal.mp3,sky
617,word.badr,sky-12,بدر,بَدْر,audio.word.badr,badr,badr.mp3,sky
618,word.kusuf,sky-13,كسوف,كُسُوف,audio.word.kusuf,kusuf,kusuf.mp3,sky
619,word.shuruq,sky-14,شروق,شُرُوق,audio.word.shuruq,shuruq,shuruq.mp3,sky
620,word.ghurub,sky-15,غروب,غُرُوب,audio.word.ghurub,ghurub,ghurub.mp3,sky
621,word.nahaar,sky-16,نهار,نَهَار,audio.word.nahaar,nahaar,nahaar.mp3,sky
622,word.layl,sky-17,ليل,لَيْل,audio.word.layl,layl,layl.mp3,sky
623,word.fajr,sky-18,فجر,فَجْر,audio.word.fajr,fajr,fajr.mp3,sky
624,word.zill,sky-19,ظل,ظِلّ,audio.word.zill,zill,zill.mp3,sky
625,word.daw,sky-20,ضوء,ضَوْء,audio.word.daw,daw,daw.mp3,sky
626,word.yakul,verbs-1,يأكل,يَأْكُل,audio.word.yakul,yakul,yakul.mp3,verbs
627,word.yashrab,verbs-2,يشرب,يَشْرَب,audio.word.yashrab,yashrab,yashrab.mp3,verbs
628,word.yanam,verbs-3,ينام,يَنَام,audio.word.yanam,yanam,yanam.mp3,verbs
629,word.yastayqiz,verbs-4,يستيقظ,يَسْتَيْقِظ,audio.word.yastayqiz,yastayqiz,yastayqiz.mp3,verbs
630,word.yalab,verbs-5,يلعب,يَلْعَب,audio.word.yalab,yalab,yalab.mp3,verbs
631,word.yajri,verbs-6,يجري,يَجْرِي,audio.word.yajri,yajri,yajri.mp3,verbs
632,word.yamshi,verbs-7,يمشي,يَمْشِي,audio.word.yamshi,yamshi,yamshi.mp3,verbs
633,word.yaqfiz,verbs-8,يقفز,يَقْفِز,audio.word.yaqfiz,yaqfiz,yaqfiz.mp3,verbs
634,word.yajlis,verbs-9,يجلس,يَجْلِس,audio.word.yajlis,yajlis,yajlis.mp3,verbs
635,word.yaqif,verbs-10,يقف,يَقِف,audio.word.yaqif,yaqif,yaqif.mp3,verbs
636,word.yaqra,verbs-11,يقرأ,يَقْرَأ,audio.word.yaqra,yaqra,yaqra.mp3,verbs
637,word.yaktub,verbs-12,يكتب,يَكْتُب,audio.word.yaktub,yaktub,yaktub.mp3,verbs
638,word.yarsum,verbs-13,يرسم,يَرْسُم,audio.word.yarsum,yarsum,yarsum.mp3,verbs
639,word.yughanni,verbs-14,يغني,يُغَنِّي,audio.word.yughanni,yughanni,yughanni.mp3,verbs
640,word.yarqus,verbs-15,يرقص,يَرْقُص,audio.word.yarqus,yarqus,yarqus.mp3,verbs
641,word.yadhak,verbs-16,يضحك,يَضْحَك,audio.word.yadhak,yadhak,yadhak.mp3,verbs
642,word.yabki,verbs-17,يبكي,يَبْكِي,audio.word.yabki,yabki,yabki.mp3,verbs
643,word.yabtasim,verbs-18,يبتسم,يَبْتَسِم,audio.word.yabtasim,yabtasim,yabtasim.mp3,verbs
644,word.yatakallam,verbs-19,يتكلم,يَتَكَلَّم,audio.word.yatakallam,yatakallam,yatakallam.mp3,verbs
645,word.yasma,verbs-20,يسمع,يَسْمَع,audio.word.yasma,yasma,yasma.mp3,verbs
646,word.yanzur,verbs-21,ينظر,يَنْظُر,audio.word.yanzur,yanzur,yanzur.mp3,verbs
647,word.yashumm,verbs-22,يشم,يَشُمّ,audio.word.yashumm,yashumm,yashumm.mp3,verbs
648,word.yalmis,verbs-23,يلمس,يَلْمِس,audio.word.yalmis,yalmis,yalmis.mp3,verbs
649,word.yaftah,verbs-24,يفتح,يَفْتَح,audio.word.yaftah,yaftah,yaftah.mp3,verbs
650,word.yughliq,verbs-25,يغلق,يُغْلِق,audio.word.yughliq,yughliq,yughliq.mp3,verbs
651,word.yusaaid,verbs-26,يساعد,يُسَاعِد,audio.word.yusaaid,yusaaid,yusaaid.mp3,verbs
652,word.yashkur,verbs-27,يشكر,يَشْكُر,audio.word.yashkur,yashkur,yashkur.mp3,verbs
653,word.yusalli,verbs-28,يصلي,يُصَلِّي,audio.word.yusalli,yusalli,yusalli.mp3,verbs
654,word.yaghsil,verbs-29,يغسل,يَغْسِل,audio.word.yaghsil,yaghsil,yaghsil.mp3,verbs
655,word.yalbas,verbs-30,يلبس,يَلْبَس,audio.word.yalbas,yalbas,yalbas.mp3,verbs
656,word.yatbukh,verbs-31,يطبخ,يَطْبُخ,audio.word.yatbukh,yatbukh,yatbukh.mp3,verbs
657,word.yunazzif,verbs-32,ينظف,يُنَظِّف,audio.word.yunazzif,yunazzif,yunazzif.mp3,verbs
658,word.yazra,verbs-33,يزرع,يَزْرَع,audio.word.yazra,yazra,yazra.mp3,verbs
659,word.yasqi,verbs-34,يسقي,يَسْقِي,audio.word.yasqi,yasqi,yasqi.mp3,verbs
660,word.yabni,verbs-35,يبني,يَبْنِي,audio.word.yabni,yabni,yabni.mp3,verbs
661,word.yashtari,verbs-36,يشتري,يَشْتَرِي,audio.word.yashtari,yashtari,yashtari.mp3,verbs
662,word.yuti,verbs-37,يعطي,يُعْطِي,audio.word.yuti,yuti,yuti.mp3,verbs
663,word.yakhudh,verbs-38,يأخذ,يَأْخُذ,audio.word.yakhudh,yakhudh,yakhudh.mp3,verbs
664,word.yahmil,verbs-39,يحمل,يَحْمِل,audio.word.yahmil,yahmil,yahmil.mp3,verbs
665,word.yarmi,verbs-40,يرمي,يَرْمِي,audio.word.yarmi,yarmi,yarmi.mp3,verbs
666,word.yasad,verbs-41,يصعد,يَصْعَد,audio.word.yasad,yasad,yasad.mp3,verbs
667,word.yanzil,verbs-42,ينزل,يَنْزِل,audio.word.yanzil,yanzil,yanzil.mp3,verbs
668,word.yatir,verbs-43,يطير,يَطِير,audio.word.yatir,yatir,yatir.mp3,verbs
669,word.yasbah,verbs-44,يسبح,يَسْبَح,audio.word.yasbah,yasbah,yasbah.mp3,verbs
670,word.yarkab,verbs-45,يركب,يَرْكَب,audio.word.yarkab,yarkab,yarkab.mp3,verbs
671,word.yabhath,verbs-46,يبحث,يَبْحَث,audio.word.yabhath,yabhath,yabhath.mp3,verbs
672,word.yajid,verbs-47,يجد,يَجِد,audio.word.yajid,yajid,yajid.mp3,verbs
673,word.yufakkir,verbs-48,يفكر,يُفَكِّر,audio.word.yufakkir,yufakkir,yufakkir.mp3,verbs
674,word.yataallam,verbs-49,يتعلم,يَتَعَلَّم,audio.word.yataallam,yataallam,yataallam.mp3,verbs
675,word.yuhibb,verbs-50,يحب,يُحِبّ,audio.word.yuhibb,yuhibb,yuhibb.mp3,verbs
676,word.kabir,adjectives-1,كبير,كَبِير,audio.word.kabir,kabir,kabir.mp3,adjectives
677,word.saghir,adjectives-2,صغير,صَغِير,audio.word.saghir,saghir,saghir.mp3,adjectives
678,word.tawil,adjectives-3,طويل,طَوِيل,audio.word.tawil,tawil,tawil.mp3,adjectives
679,word.qasir,adjectives-4,قصير,قَصِير,audio.word.qasir,qasir,qasir.mp3,adjectives
680,word.sari,adjectives-5,سريع,سَرِيع,audio.word.sari,sari,sari.mp3,adjectives
681,word.bati,adjectives-6,بطيء,بَطِيء,audio.word.bati,bati,bati.mp3,adjectives
682,word.qawi,adjectives-7,قوي,قَوِيّ,audio.word.qawi,qawi,qawi.mp3,adjectives
683,word.daif,adjectives-8,ضعيف,ضَعِيف,audio.word.daif,daif,daif.mp3,adjectives
684,word.jamil,adjectives-9,جميل,جَمِيل,audio.word.jamil,jamil,jamil.mp3,adjectives
685,word.nazif,adjectives-10,نظيف,نَظِيف,audio.word.nazif,nazif,nazif.mp3,adjectives
686,word.muttasikh,adjectives-11,متسخ,مُتَّسِخ,audio.word.muttasikh,muttasikh,muttasikh.mp3,adjectives
687,word.jadid,adjectives-12,جديد,جَدِيد,audio.word.jadid,jadid,jadid.mp3,adjectives
688,word.qadim,adjectives-13,قديم,قَدِيم,audio.word.qadim,qadim,qadim.mp3,adjectives
689,word.saeed,adjectives-14,سعيد,سَعِيد,audio.word.saeed,saeed,saeed.mp3,adjectives
690,word.hazin,adjectives-15,حزين,حَزِين,audio.word.hazin,hazin,hazin.mp3,adjectives
691,word.ghaadib,adjectives-16,غاضب,غَاضِب,audio.word.ghaadib,ghaadib,ghaadib.mp3,adjectives
692,word.khaayif,adjectives-17,خائف,خَائِف,audio.word.khaayif,khaayif,khaayif.mp3,adjectives
693,word.haadiy,adjectives-18,هادئ,هَادِئ,audio.word.haadiy,haadiy,haadiy.mp3,adjectives
694,word.mutab,adjectives-19,متعب,مُتْعَب,audio.word.mutab,mutab,mutab.mp3,adjectives
695,word.nashit,adjectives-20,نشيط,نَشِيط,audio.word.nashit,nashit,nashit.mp3,adjectives
696,word.harr,adjectives-21,حار,حَارّ,audio.word.harr,harr,harr.mp3,adjectives
697,word.barid,adjectives-22,بارد,بَارِد,audio.word.barid,barid,barid.mp3,adjectives
698,word.daafiy,adjectives-23,دافئ,دَافِئ,audio.word.daafiy,daafiy,daafiy.mp3,adjectives
699,word.ratb,adjectives-24,رطب,رَطْب,audio.word.ratb,ratb,ratb.mp3,adjectives
700,word.jaaff,adjectives-25,جاف,جَافّ,audio.word.jaaff,jaaff,jaaff.mp3,adjectives
701,word.hulw,adjectives-26,حلو,حُلْو,audio.word.hulw,hulw,hulw.mp3,adjectives
702,word.maalih,adjectives-27,مالح,مَالِح,audio.word.maalih,maalih,maalih.mp3,adjectives
703,word.haamid,adjectives-28,حامض,حَامِض,audio.word.haamid,haamid,haamid.mp3,adjectives
704,word.murr,adjectives-29,مر,مُرّ,audio.word.murr,murr,murr.mp3,adjectives
705,word.ladhidh,adjectives-30,لذيذ,لَذِيذ,audio.word.ladhidh,ladhidh,ladhidh.mp3,adjectives
706,word.thaqil,adjectives-31,ثقيل,ثَقِيل,audio.word.thaqil,thaqil,thaqil.mp3,adjectives
707,word.khafif,adjectives-32,خفيف,خَفِيف,audio.word.khafif,khafif,khafif.mp3,adjectives
708,word.mumtaliy,adjectives-33,ممتلئ,مُمْتَلِئ,audio.word.mumtaliy,mumtaliy,mumtaliy.mp3,adjectives
709,word.faarigh,adjectives-34,فارغ,فَارِغ,audio.word.faarigh,faarigh,faarigh.mp3,adjectives
710,word.maftuh,adjectives-35,مفتوح,مَفْتُوح,audio.word.maftuh,maftuh,maftuh.mp3,adjectives
711,word.mughlaq,adjectives-36,مغلق,مُغْلَق,audio.word.mughlaq,mughlaq,mughlaq.mp3,adjectives
712,word.aali,adjectives-37,عال,عَالٍ,audio.word.aali,aali,aali.mp3,adjectives
713,word.munkhafid,adjectives-38,منخفض,مُنْخَفِض,audio.word.munkhafid,munkhafid,munkhafid.mp3,adjectives
714,word.qarib,adjectives-39,قريب,قَرِيب,audio.word.qarib,qarib,qarib.mp3,adjectives
715,word.baid,adjectives-40,بعيد,بَعِيد,audio.word.baid,baid,baid.mp3,adjectives
716,word.sahl,adjectives-41,سهل,سَهْل,audio.word.sahl,sahl,sahl.mp3,adjectives
717,word.sab,adjectives-42,صعب,صَعْب,audio.word.sab,sab,sab.mp3,adjectives
718,word.mudi,adjectives-43,مضيء,مُضِيء,audio.word.mudi,mudi,mudi.mp3,adjectives
719,word.muzlim,adjectives-44,مظلم,مُظْلِم,audio.word.muzlim,muzlim,muzlim.mp3,adjectives
720,word.latif,adjectives-45,لطيف,لَطِيف,audio.word.latif,latif,latif.mp3,adjectives
